Codice,Descrizione breve,Designazione dei lavori,U.M.,Prezzo unitario (€)
15010011,Terra di coltivo vagliata,"Terra di coltivo vagliata, proveniente dallo strato colturale attivo, priva di radici, erbe infestanti, di ciottoli e sassi, per riporti di modeste quantità (fino a 10 m³.) in area verde.",m³,€44.66
15010065,Sabbia di fiume silicea,"Sabbia di fiume prevalentemente silicea, granulometria 0 -2 mm : sabbia silicea cert.USGA.",m³,€79.24
15010071,Ammendante vegetale compostato,"Ammendante vegetale compostato (compost verde) ottenuto per fermentazione aerobica di scarti vegetali, vagliato. - sfuso, per un minimo di 10 m³.",m³,€70.18
2503002,Trapianto piante circ. 45-100cm,"Preparazione della pianta al trapianto, mediante: potatura strettamente funzionale al trapianto; disinfezione, con specifici prodotti fungicidi, delle superfici di taglio condiametro superiorea5 cm.; fasciaturadei tronchi, dovenecessario, con teli di jutaostuoiedi bambù; legaturadella chiomaove necessario. Trapiantodellapiantaconmacchinatrapiantatricechesarà ingradodi prelevare lapianta, garantendo la formazionedi una zolla compattadi dimensioni tali da comprendere lamaggior parte possibile,dell’apparatoradicale,edi trasferirlanelnuovosito,doveprecedentementelastessamacchina avràrealizzatolanuovabucad’impianto.Fornituraedistribuzionesul fondodellabucadi terradi coltivo miscelatacontorba;concimazioneconfertilizzantespecificoomicorrizeperalberi.Sigillaturadellazollacon formazione del tornello. Tutoraggio della pianta mediante 3 o 4 pali tutori d’idonee dimensioni opportunamentecontroventati, compreso tutti imateriali necessari agarantireunefficaceeduraturo ancoraggio. Prima bagnatura e intasamento della zolla. Preparazione della pianta al trapianto e manutenzionesuccessiveperunperiododi treanni. Ènecessarioche lecurecolturali avvenganocon puntualità, inparticolareleannaffiaturedovrannoessereeseguitenelperiododaaprileadottobreperun numerod’interventi non inferiorea16.Nel casodi periodi siccitosi si dovrà irrigareanchenel periodo invernale.Laquantitàdiacquaperogni irrigazionedovràesseresuperioreai300litriperpianta.Sidovrà garantirelapuliziaperiodicadeltornelloequalorafossenecessarioilripristinodellostesso.Ècompresa: la saturazioneconterriccioetorbadellefessuredovuteall’assestamentodefinitivodellazolla, ilcontrolloe l’eventualeripristinodeipalitutoriedeitelidijuta,leconcimazionie,senecessari,itrattamentifitosanitari. Perpiantepreparateemesseadimorainparco/areaverde:perpianteconcirconferenzadelfustoda45cm a100cm.",cad,€1.625.00
2503013,Operazione trapianto circ. 45-100cm,"Operazione di trapianto per piante con circonferenza del fusto compresa tra 45 cm. e 100 cm, con zolla diametro m.2,50 e volume di m³. 3,2 /3,5. Compresi i costi di trasporto e tutti gli oneri relativi - Per raggio massimo di spostamento piante sino a 2 Km. Per un numero di piante da 1 a 6",corpo,€13.260.00
2503020,Garanzia attecchimento trapianto,"Garanzia d'attecchimento per piante sottoposte a trapianto comprendente, nel caso di disseccamento del soggetto trapiantato: le operazioni di rimozione delle piante disseccate e tutti i costi relativi. Per piante con circonferenza del fusto da 45 cm a 100 cm",cad,€230.00
2505002,Ripulitura decespugliamento manuale,"Ripulitura / decespugliamento manuale / sfollo: ripulitura totale di terreno infestato da cespugliame, mediante tagli eseguiti con mezzi manuali o con ausilio di decespugliatore meccanico a spalla, su terreni in piano, con risulte lasciate sul posto, in terreno fortemente infestato.",mq,€0.50
2505004,Decespugliamento meccanico,"Decespugliamento su terreno mediamente infestato da arbusti, eseguito con trattrice dotata di decespugliatore a coltelli o trincia forestale, con risulte lasciate sul posto, in terreno fortemente infestato.",mq,€0.27
2505006,"Lavorazione terreno prof. 0,3-0,5m","Lavorazione del terreno alla profondità di m 0,3 – 0,5 compreso amminutamento ed ogni altro onere. Superficie effettivamente lavorata con trattore munito di aratro o vangatrice in terreno argilloso.",mq,€0.13
2505007,Spandimento ammendante organico,"Fornitura e spandimento di ammendante organico, letame maturo o compost verde, prevedendo un quantitativo minimo di 3 kg/m², da eseguirsi tra l'aratura e la finitura superficiale.",mq,€0.30
2505008,Lavorazione finitura superficiale,"Lavorazione di finitura superficiale del terreno, eseguita con attrezzi a denti, con esclusione di attrezzi rotativi ad asse orizzontale, compreso interramento ammendante organico predistribuito, fino alla completa preparazione del terreno per la posa a dimora delle piante.",mq,€0.12
2506003,Analisi terreno completa,"Analisi del terreno comprensiva di microelementi terreno più piano di correzione, ammendamento e fertilizzazione - analisi granulometrica, pH, conducibilità elettrica, capacità di scambio cationica, calcare totale e attivo, azoto, carbonio organico, sostanza organica, potassio, sodio, calcio, magnesio, fosforo, ferro, cloruri, zolfo, manganese, rame, zinco, boro.",cad,€540.00
2511010,"Elettrovalvola 9V 3/4""","Elettrovalvole per sistemi a batteria 9Vcc, a: 3/4"" - Provvista e posa in opera di elettrovalvola a membrana, normalmente chiusa, per comando elettrico a 9 V.cc.",cad,€86.80
2511011,"Elettrovalvola 9V 1""","Elettrovalvole per sistemi a batteria 9Vcc, b: 1"" - Provvista e posa in opera di elettrovalvola a membrana, normalmente chiusa, per comando elettrico a 9 V.cc.",cad,€135.54
2511012,"Elettrovalvola 9V 1+1/2""","Elettrovalvole per sistemi a batteria 9Vcc, c: 1+1/2"" - Provvista e posa in opera di elettrovalvola a membrana, normalmente chiusa, per comando elettrico a 9 V.cc.",cad,€182.34
2511045,Pozzetto resina circolare d.25cm,"Pozzetti in resina sintetica PEAD pesante circolare mini diam. cm 25 - Provvista e posa in opera di pozzetti in resina sintetica costruiti in materiale termoplastico, rigido, per alloggiamenti di organi di intercettazione o di automatismi.",cad,€55.55
2511046,Pozzetto resina rett. 55x42cm,"Pozzetti in resina sintetica PEAD pesante rettangolare cm 55 x 42 - Provvista e posa in opera di pozzetti in resina sintetica costruiti in materiale termoplastico, rigido, per alloggiamenti di organi di intercettazione o di automatismi.",cad,€105.97
2511048,Pozzetto resina rett. 84x60cm,"Pozzetti in resina sintetica PEAD pesante rettangolare cm 84 x 60 - Provvista e posa in opera di pozzetti in resina sintetica costruiti in materiale termoplastico, rigido, maxi.",cad,€420.75
2511065,Programmatore 9V 1 stazione,Programmatore elettronico con alimentazione a batteria 9V per installazione anche in pozzetto - Trasmissione dati bluetooth. Involucro stagno IP68. Memoria tampone. Possibilità di programmazione centralizzata da remoto 1 stazioni.,cad,€204.28
2511066,Programmatore 9V 2 stazioni,Programmatore elettronico con alimentazione a batteria 9V per installazione anche in pozzetto - Trasmissione dati bluetooth. Involucro stagno IP68. Memoria tampone. Possibilità di programmazione centralizzata da remoto 2 stazioni.,cad,€229.93
2511068,Programmatore 9V 6 stazioni,Programmatore elettronico con alimentazione a batteria 9V per installazione anche in pozzetto - Trasmissione dati bluetooth. Involucro stagno IP68. Memoria tampone. Possibilità di programmazione centralizzata da remoto 6 stazioni.,cad,€277.90
2511071,Ala gocciolante autocompensante,"Ala gocciolante autocompensante - Provvista e posa in opera di Ala gocciolante, interrabile, autocompensante, marrone o nera, diam. 16 mm, spessore 1,1 mm distanza gocciolatori 33 cm, portata: 2,3 l/h.",m,€3.87
2511091,Sensore umidità suolo,"Sensore di umidità - Provvista e posa in opera di Sensore di umidità per la rilevazione dell'umidità del suolo collegabile alla centralina di controllo per gestione fino a 4 sensori, a batteria 9V, trasmissione dati via radio/bluetooth, involucro stagno IP68.",cad,€310.05
2511095,Unità telecontrollo Wi-Fi,Unità di telecontrollo Wi-Fi - Fornitura e posa di una unità esterna di telecontrollo programmatore a corrente da collegare alla Wi-Fi per la gestione da remoto delle programmazioni irrigue. Per centraline da 4 a 22 settori.,cad,€243.16
2511100,"Contatore volumetrico d.1""","Contatore volumetrico d.1"" - Provvista e posa in opera di Contatore volumetrico d.1"" con impulsi a 1k per la gestione e controllo di impianti di irrigazione.",cad,€234.86
2511101,"Contatore volumetrico d.2""","Contatore volumetrico d.2"" - Provvista e posa in opera di Contatore volumetrico d.2"" con impulsi a 1k per la gestione e controllo di impianti di irrigazione.",cad,€470.53
2511130,Tubo PE BD PN6 d.16mm,"Tubo polietilene in rotolo B.D. PN6 diam. 16 mm - Provvista e posa in opera di tubo PE B.D., compreso: la fornitura dei materiali, lo scavo e la posa in opera.",m,€5.41
2511140,Tubo PE AD PN10 d.20mm,"Tubo polietilene in rotolo A.D. PN10 diam. 20 mm - Provvista e posa in opera di tubo PE A.D., compreso: la fornitura dei materiali, lo scavo e la posa in opera.",m,€5.76
2511142,Tubo PE AD PN10 d.32mm,"Tubo polietilene in rotolo A.D. PN10 diam. 32 mm - Provvista e posa in opera di tubo PE A.D., compreso: la fornitura dei materiali, lo scavo e la posa in opera.",m,€6.80
15030034,Pali tutori castagno 2m,"Pali tutori in legno scortecciato di castagno scortecciato, tornito e trattato - lunghezza 2 m",diam. 8 cm con punta.,€18.89
2511144,Tubo PE AD PN10 d.50mm,"Tubo polietilene in rotolo A.D. PN10 diam. 50 mm - Provvista e posa in opera di tubo PE A.D., compreso: la fornitura dei materiali, lo scavo e la posa in opera.",m,€9.90
AP.ARR01,Panchina marmo/legno L.1900mm,"Fornitura e collocazione di panchina composta da base in aggregato di pietre di marmo naturali o conglomerato tipo ""granito Bianco"", seduta in legno e lunghezza minima pari a 1900 mm.",cad,€1.614.00
AP.ARR02,Cestino porta rifiuti 55l,"Fornitura e collocazione di cestino porta rifiuti con capacità minima pari a 55 litri, costituito da struttura cilindrica con coperchio fisso, realizzato in acciaio zincato e verniciato o in acciaio inox AISI 304.",cad,€943.00
AP.ARR03,Portabiciclette L.1900mm,"Fornitura e collocazione di portabiciclette, lunghezza minima 1900 mm, costituito da telaio a spirale in tubo d'acciaio, sabbiato e verniciato con primer zincante e polvere Poliestere.",cad,€985.00
AP.ARR04,Fioriera d.800mm,"Fornitura e collocazione di fioriera diametro minimo 800 mm, realizzata con aggregato di pietre di marmo naturali o conglomerato tipo ""granito Bianco"", con riserva d'acqua permanente compresa tra 50 e 100 litri.",cad,€791.00
AP.G001,Modulo gioco 4 torri,"Fornitura e posa in opera di modulo gioco costituito da quattro torri, collegate ad anello, con tunnel, ponti sospesi, scivolo e accessori sensoriali. Fascia età 1-4 anni. Compresa pavimentazione antitrauma.",cad,€29.000.00
AP.G002,Scivolo h180,Fornitura e posa in opera di scivolo h180 in acciaio inox AISI304. Fascia età dai 4 anni in su. Compresa pavimentazione antitrauma.,cad,€8.400.00
AP.G003,Giostra inclusiva,"Fornitura e posa in opera di giostra inclusiva, struttura idonea all'accessibilità facilitata e ad attività tattili e motorie. Fascia età dai 2 anni in su. Compresa pavimentazione antitrauma.",cad,€16.500.00
AP.G004,Bilico,"Fornitura e posa in opera di bilico con trave portante e struttura stabilizzatrice in acciaio zincato a caldo, pannelli e sedili in HDPE. Fascia età 3-8 anni. Compresa pavimentazione antitrauma.",cad,€5.500.00
AP.G005,Altalena 2 posti,"Fornitura e posa in opera di altalena con montanti e traversa in tubolari di acciaio zincato a caldo, catene a maglia in acciaio e n.2 seggiolini in poliuretano. Fascia età dai 2 anni in su. Compresa pavimentazione antitrauma.",cad,€6.800.00
AP.ILL01,"Corpo illuminante LED palo 6,8m","Fornitura e collocazione di corpo illuminante LED completo di: blocco fondazione, palo tronco conico h.6800mm, armatura stradale LED 4001-8000 lumen, telaio e chiusino in ghisa C250, scavo, cavi e ogni onere.",cad,"€1,785.52"
AP.ILL02,Mensola doppia con armatura LED,"Fornitura e collocazione di mensola doppia su palo già predisposto, con armatura stradale supplementare LED 4001-8000 lumen, verniciatura e cavi.",cad,€763.16
AP.ILL03,Mensola singola,"Fornitura e collocazione di mensola singola su palo già munito di corpo illuminante, ricavata da tubo saldato di acciaio, verniciatura e cavi.",cad,€187.33
AP01.060026,Arbutus unedo h.80/100cm,"Fornitura e messa a dimora di Arbutus unedo alt. 80/100 cm, fornito in vaso, compresa manutenzione e garanzia, ammendante, preparazione terreno, bagnatura.",cad,€99.57
AP02.060083,Buxus sempervirens h.30/40cm,"Fornitura e messa a dimora di Buxus sempervirens alt. 30/40 cm, fornito in vaso, compresa manutenzione e garanzia, ammendante, preparazione terreno, bagnatura.",cad,€59.86
AP03.060122,Chaenomeles japonica vaso 9l,"Fornitura e messa a dimora di Chaenomeles japonica, fornito in vaso da 9 l, compresa manutenzione e garanzia, ammendante, preparazione terreno, bagnatura.",cad,€92.84
AP04.060151,Corylus avellana h.60/80cm,"Fornitura e messa a dimora di Corylus avellana alt. 60/80 cm, fornito in vaso, compresa manutenzione e garanzia, ammendante, preparazione terreno, bagnatura.",cad,€70.32
AP05.060169,Crataegus monogyna vaso 9l,"Fornitura e messa a dimora di Crataegus monogyna (Biancospino), fornito in vaso da 9 l, compresa manutenzione e garanzia, ammendante, preparazione terreno, bagnatura.",cad,€61.92
AP06.060322,Laurus nobilis h.60/80cm,"Fornitura e messa a dimora di Laurus nobilis alt. 60/80 cm, fornito in vaso, compresa manutenzione e garanzia, ammendante, preparazione terreno, bagnatura.",cad,€63.50
AP07.060326,Laurus nobilis h.150/175cm,"Fornitura e messa a dimora di Laurus nobilis alt. 150/175 cm, fornito in vaso, compresa manutenzione e garanzia, terriccio torboso, concimazione, irrigazione.",cad,€160.01
AP08.060330,Lavanda officinalis vaso 3l,"Fornitura e messa a dimora di Lavanda officinalis, fornito in vaso da 3 l, compresa manutenzione e garanzia, terriccio torboso, concimazione, irrigazione.",cad,€65.56
AP09.060402,Malus in varietà vaso 9l,"Fornitura e messa a dimora di Malus in varietà, fornito in vaso da 9 l, compresa manutenzione e garanzia, terriccio torboso, concimazione, irrigazione.",cad,€102.05
AP10.060403,Myrtus communis Tarentina vaso 3l,"Fornitura e messa a dimora di Myrtus communis ""Tarentina"", fornito in vaso da 3 l, compresa manutenzione e garanzia, terriccio torboso, concimazione, irrigazione.",cad,€91.78
AP11.060420,Nerium oleander h.60/80cm,"Fornitura e messa a dimora di Nerium oleander in varietà alt. 60/80 cm, fornito in vaso, compresa manutenzione e garanzia, ammendante, preparazione terreno, bagnatura.",cad,€149.72
AP12.060462,Pistacia lentiscus h.60/80cm,"Fornitura e messa a dimora di Pistacia lentiscus alt. 60/80 cm, fornito in vaso, compresa manutenzione e garanzia, ammendante, preparazione terreno, bagnatura.",cad,€118.43
AP13.060535,Punica granatum h.80/100cm,"Fornitura e messa a dimora di Punica granatum a frutto alt. 80/100 cm, fornito in vaso, compresa manutenzione e garanzia, ammendante, preparazione terreno, bagnatura.",cad,€94.90
AP14.060543,Pyracantha navaho h.40/50cm,"Fornitura e messa a dimora di Pyracantha navaho alt. 40/50 cm, fornito in vaso, compresa manutenzione e garanzia, ammendante, preparazione terreno, bagnatura.",cad,€94.90
AP15.060548,Rhamnus alaternus variegato vaso 3l,"Fornitura e messa a dimora di Rhamnus alaternus variegato, fornito in vaso da 3 l, compresa manutenzione e garanzia, ammendante, preparazione terreno, bagnatura.",cad,€68.88
AP16.060584,Salvia officinalis vaso 3l,"Fornitura e messa a dimora di Salvia officinalis, fornito in vaso da 3 l, compresa manutenzione e garanzia, ammendante, preparazione terreno, bagnatura.",cad,€65.45
AP17.060572,Rosmarinus officinalis vaso 1l,"Fornitura e messa a dimora di Rosmarinus officinalis, fornito in vaso da 1 l, compresa manutenzione e garanzia, ammendante, preparazione terreno, bagnatura.",cad,€46.72
AP18.060644,Viburnum tinus h.40/50cm,"Fornitura e messa a dimora di Viburnum tinus alt. 40/50 cm, fornito in vaso, compresa manutenzione e garanzia, ammendante, preparazione terreno, bagnatura.",cad,€59.86
AP19.080210,"Cupressus sempervirens Pyramidalis h.3,00/3,50m","Fornitura e messa a dimora di Cupressus sempervirens ""Pyramidalis"" alt. 3,00/3,50 m in aiuola stradale, fornito in vaso, compresa manutenzione, scavo, pali tutori, drenaggio.",cad,€611.94
AP20.080356,Pinus pinea circ.12/14cm,"Fornitura e messa a dimora di Pinus pinea, circ. 12/14 cm, alt. 1,75/2,00 m in area verde, fornito in vaso, compresa manutenzione, scavo, pali tutori, drenaggio.",cad,€512.25
AP21.080369,"Pinus pinaster h.1,75/2,00m","Fornitura e messa a dimora di Pinus pinaster (Pinus maritima), alt. 1,75/2,00 m in area verde, fornito in vaso, compresa manutenzione, scavo, pali tutori, drenaggio.",cad,€443.06
AP22.120072,Acer negundo circ.16/18cm,"Fornitura e messa a dimora di Acer negundo circ. 16/18 cm in aiuola stradale, fornito in vaso, compresa manutenzione, scavo, pali tutori, drenaggio.",cad,€679.23
AP23.120113,Acer platanoides circ.16/18cm,"Fornitura e messa a dimora di Acer platanoides circ. 16/18 cm in aiuola stradale, fornito in vaso, compresa manutenzione, scavo, pali tutori, drenaggio.",cad,€750.71
AP24.120409,Castanea sativa circ.12/14cm,"Fornitura e messa a dimora di Castanea sativa circ. 12/14 cm in aiuola stradale, fornito in vaso, compresa manutenzione, scavo, pali tutori, drenaggio.",cad,€678.71
AP25.120451,Ceratonia siliqua circ.12/14cm,"Fornitura e messa a dimora di Ceratonia siliqua circ. 12/14 cm in aiuola stradale, fornito in vaso, compresa manutenzione, scavo, pali tutori, drenaggio.",cad,€650.86
AP26.120471,Cercis siliquastrum circ.08/10cm,"Fornitura e messa a dimora di Cercis siliquastrum circ. 08/10 cm in aiuola stradale, fornito in vaso, compresa manutenzione, scavo, pali tutori, drenaggio.",cad,€413.73
AP27.000299,Brachychiton rupestris circ.18/20cm,"Fornitura e messa a dimora di Brachychiton rupestris circ. 18/20 cm in area verde, fornito in vaso, compresa manutenzione, scavo, pali tutori, drenaggio.",cad,€722.10
AP28.120847,Ligustrum lucidum circ.16/18cm,"Fornitura e messa a dimora di Ligustrum lucidum circ. 16/18 cm in aiuola stradale, fornito in vaso, compresa manutenzione, scavo, pali tutori, drenaggio.",cad,€827.48
AP29.090114,Washingtonia filifera stipite 200/250cm strada,"Fornitura e messa a dimora di Washingtonia filifera alt. stipite 200/250 cm in aiuola stradale, fornito in vaso, compresa manutenzione, scavo, pali tutori, drenaggio.",cad,"€2,706.44"
AP30.090125,Washingtonia robusta stipite 200/225cm strada,"Fornitura e messa a dimora di Washingtonia robusta alt. stipite 200/225 cm in aiuola stradale, fornito in vaso, compresa manutenzione, scavo, pali tutori, drenaggio.",cad,"€2,530.36"
AP31.090077,Phoenix dactylifera stipite 300/350cm strada,"Fornitura e messa a dimora di Phoenix dactylifera alt. stipite 300/350 cm in aiuola stradale, fornito in vaso, compresa manutenzione, scavo, pali tutori, drenaggio.",cad,"€6,315.86"
AP32.090114S,Washingtonia filifera stipite 200/250cm verde,"Fornitura e messa a dimora di Washingtonia filifera alt. stipite 200/250 cm in area verde, fornito in vaso, compresa manutenzione, scavo, pali tutori, drenaggio.",cad,€2.531.00
AP33.090125S,Washingtonia robusta stipite 200/225cm verde,"Fornitura e messa a dimora di Washingtonia robusta alt. stipite 200/225 cm in area verde, fornito in vaso, compresa manutenzione, scavo, pali tutori, drenaggio.",cad,"€2,354.92"
AP34.090077S,Phoenix dactylifera stipite 300/350cm verde,"Fornitura e messa a dimora di Phoenix dactylifera alt. stipite 300/350 cm in area verde, fornito in vaso, compresa manutenzione, scavo, pali tutori, drenaggio.",cad,"€6,140.41"
AP35.000100,"Pinus canariensis h.2,50/3,00m","Fornitura e messa a dimora di Pinus canariensis, alt. 2,50/3,00 m in area verde, fornito in vaso, compresa manutenzione, scavo, pali tutori, drenaggio.",cad,€576.94
AP36.000314,Cocculus laurifolius circ.10/12cm,"Fornitura e messa a dimora di Cocculus laurifolius circ. 10/12 cm, fornito in vaso da 50 litri, compresa manutenzione e garanzia, ammendante, preparazione terreno, bagnatura.",cad,€673.43
AP37.121419,Sophora japonica Regent circ.16/18cm,"Fornitura e messa a dimora di Sphora japonica ""Regent"" circ. 16/18 cm in aiuola stradale, fornito in vaso, compresa manutenzione, scavo, pali tutori, drenaggio.",cad,€784.45
AP38.120589,Eriobotrya japonica h.80/100cm,"Fornitura e messa a dimora di Eriobotrya japonica alt. 80/100 cm, fornito in vaso, compresa manutenzione e garanzia, ammendante, preparazione terreno, bagnatura.",cad,€177.66
AP39.120664,Ficus rubiginosa circ.14/16cm,"Fornitura e messa a dimora di Ficus rubiginosa circ. 14/16 cm, fornito in vaso, compresa manutenzione, scavo, pali tutori, drenaggio.",cad,€730.68
AP40.120674,Fraxinus ornus circ.12/14cm,"Fornitura e messa a dimora di Fraxinus ornus circ. 12/14 cm in aiuola stradale, fornito in vaso, compresa manutenzione, scavo, pali tutori, drenaggio.",cad,€585.21
AP41.120741,Jacaranda mimosifolia circ.16/18cm,"Fornitura e messa a dimora di Jacranda mimosifolia circ. 16/18 cm in aiuola stradale, fornito in vaso, compresa manutenzione, scavo, pali tutori, drenaggio.",cad,€785.64
AP42.120762,Koelreuteria paniculata circ.14/16cm,"Fornitura e messa a dimora di Koelreuteria paniculata, circ. 14/16 cm, fornito in vaso, compresa manutenzione, scavo, pali tutori, drenaggio.",cad,€608.83
APL.001S,Potatura latifoglie sempreverdi h<8m,"Potatura di contenimento annuale di latifoglie sempreverdi (Quercus ilex, ligustrum etc.) su strada a traffico medio intenso, per piante di altezza fino a 8 m, chioma diametro 4 m. Completo di raccolta e conferimento risulte.",cad,€183.87
APL.002S,Potatura latifoglie sempreverdi h.8-16m,"Potatura di contenimento annuale di latifoglie sempreverdi (Quercus ilex, ligustrum etc.) su strada a traffico medio, per piante di altezza compresa tra 8 e 16 m, chioma diametro fino 8 m. Completo di raccolta e conferimento risulte.",cad,€358.16
APL.003S,Potatura latifoglie sempreverdi h>16m,"Potatura di contenimento annuale di latifoglie sempreverdi (Quercus ilex, ligustrum etc.) su strada a traffico medio, per piante di altezza oltre 16 m. Completo di raccolta e conferimento risulte.",cad,€713.74
APL.004S,Potatura conifere piramidali h.10-13m,"Potatura di contenimento annuale di conifere piramidali (Cupressus Spp, Thuja, Chamaecyparis, Taxus etc.) su strada a traffico medio, per piante di altezza da 10 a 13 m. Completo di raccolta e conferimento risulte.",cad,€241.27
APL.005S,Potatura decidui chioma espansa h.6-12m,"Potatura di contenimento di esemplari arborei decidui a chioma espansa su strada a traffico medio, esemplari di altezza da 6 m a 12 m. Secondo criterio potatura a tutta cima e taglio di ritorno.",cad,€186.07
APL.006S,Potatura decidui chioma espansa h.12-16m,"Potatura di contenimento di esemplari arborei decidui a chioma espansa su strada a traffico medio, esemplari di altezza da 12 m a 16 m. Secondo criterio potatura a tutta cima e taglio di ritorno.",cad,€250.87
APL.007S,Potatura decidui chioma espansa h.16-23m,"Potatura di contenimento di esemplari arborei decidui a chioma espansa su strada a traffico medio, esemplari di altezza da 16 m a 23 m. Secondo criterio potatura a tutta cima e taglio di ritorno.",cad,€451.50
APL.008S,Potatura decidui chioma espansa h.23-30m,"Potatura di contenimento di esemplari arborei decidui a chioma espansa su strada a traffico medio, esemplari di altezza da 23 m a 30 m. Secondo criterio potatura a tutta cima e taglio di ritorno.",cad,€833.29
APL.009S,Potatura decidui chioma piramidale h.6-12m,"Potatura di contenimento di esemplari arborei decidui a chioma piramidale su strada a traffico medio, esemplari di altezza da 6 m a 12 m. Secondo criterio potatura a tutta cima e taglio di ritorno.",cad,€130.83
APL.010S,Potatura decidui chioma piramidale h.12-16m,"Potatura di contenimento di esemplari arborei decidui a chioma piramidale su strada a traffico medio, esemplari di altezza da 12 m a 16 m. Secondo criterio potatura a tutta cima e taglio di ritorno.",cad,€195.66
APL.011S,Potatura decidui chioma piramidale h.16-23m,Potatura di contenimento di esemplari arborei decidui a chioma piramidale su strada a traffico medio esemplari con altezza da 16 m a 23 m. Secondo criterio potatura a tutta cima e taglio di ritorno.,cad,€357.26
APL.012S,Potatura decidui chioma piramidale h.23-30m,Potatura di contenimento di esemplari arborei decidui a chioma piramidale su strada a traffico medio per esemplari di altezza da 23 m a 30 m. Secondo criterio potatura a tutta cima e taglio di ritorno.,cad,€526.91
APL.013S,Spalcatura conifere h<10m,"Spalcatura di conifere (Pinus…), siti in strada con taglio di rami lungo il fusto ed eventuale rialzo della chioma. Su strada a traffico intenso per esemplari di altezza fino a 10 m.",cad,€195.66
APL.014S,Spalcatura conifere h.10-16m,"Spalcatura di conifere (Pinus…), siti in strada con taglio di rami lungo il fusto ed eventuale rialzo della chioma. Su strada a traffico intenso esemplari di altezza da 10 m fino a 16 m.",cad,€373.31
APL.015S,Spalcatura conifere h.16-25m,"Spalcatura di conifere (Pinus…), siti in strada con taglio di rami lungo il fusto ed eventuale rialzo della chioma. Su strada extraurbana, esemplari di altezza da 16 m fino a 25 m.",cad,€492.98
APL.015SV,Spalcatura conifere h.16-25m (var),"Spalcatura di conifere (Pinus…), siti in strada con taglio di rami lungo il fusto ed eventuale rialzo della chioma. Su strada extraurbana, esemplari di altezza da 16 m fino a 25 m. (variante)",cad,€548.11
APL.016S,Abbattimento chioma espansa h<6m,"Abbattimento di alberi adulti a chioma espansa siti su strada a traffico medio, esemplari di altezza fino a 6 m. Esclusa rimozione del ceppo.",cad,€165.88
APL.017S,Abbattimento chioma espansa h.6-12m,"Abbattimento di alberi adulti a chioma espansa siti su strada a traffico medio, esemplari di altezza da 6 a 12 m. Esclusa rimozione del ceppo.",cad,€256.86
APL.018S,Abbattimento chioma espansa h.12-16m,"Abbattimento di alberi adulti a chioma espansa siti su strada a traffico medio, esemplari di altezza da 12 m a 16 m. Esclusa rimozione del ceppo.",cad,€316.90
APL.019S,Abbattimento chioma espansa h.16-23m,"Abbattimento di alberi adulti a chioma espansa siti su strada a traffico medio, esemplari di altezza da 16 m a 23 m. Esclusa rimozione del ceppo.",cad,€602.28
APL.020S,Abbattimento chioma espansa h.23-30m,"Abbattimento di alberi adulti a chioma espansa siti su strada a traffico medio, esemplari di altezza da 23 m fino a 30 m. Esclusa rimozione del ceppo.",cad,€896.38
APL.021S,Abbattimento chioma piramidale h<6m,"Abbattimento di alberi adulti a chioma piramidale siti su strada a traffico medio, esemplari di altezza fino a 6 m. Esclusa rimozione del ceppo.",cad,€165.88
APL.022S,Abbattimento chioma piramidale h.6-12m,"Abbattimento di alberi adulti a chioma piramidale siti su strada a traffico intenso, esemplari di altezza da 6 m fino a 12 m. Esclusa rimozione del ceppo.",cad,€237.67
APL.023S,Abbattimento chioma piramidale h.12-16m,"Abbattimento di alberi adulti a chioma piramidale siti su strada a traffico intenso, esemplari di altezza da 12 m fino a 16 m. Esclusa rimozione del ceppo.",cad,€297.70
APL.024S,Abbattimento chioma piramidale h.16-23m,"Abbattimento di alberi adulti a chioma piramidale siti su strada a traffico intenso, esemplari di altezza da 16 m fino a 23 m. Esclusa rimozione del ceppo.",cad,€521.24
APL.025S,Abbattimento chioma piramidale h.23-30m,"Abbattimento di alberi adulti a chioma piramidale siti su strada a traffico intenso, esemplari di altezza da 23 m fino a 30 m. Esclusa rimozione del ceppo.",cad,€762.97
APL.026S,Potatura ars topiaria base 20-30m²,"Potatura di contenimento di esemplari arborei sempreverdi allevati in forma obbligata (ars topiaria/parallelepipedo) siti su strada a traffico medio, esemplari con base del parallelepipedo da 20 a 30 m².",cad,€575.20
OP.01,Operaio Specializzato,Operaio Specializzato,h,€37.87
OP.02,Operaio Qualificato,Operaio Qualificato,h,€35.15
OP.03,Operaio Comune,Operaio Comune,h,€31.52
SIC24_1.1.4.1,Scavo sbancamento urbano tipo A,"Scavo di sbancamento per qualsiasi finalità, per lavori da eseguirsi in ambito urbano, eseguito con mezzo meccanico, in terreni costituiti da limi, argille, sabbie, ghiaie, detriti e alluvioni.",m³,€10.10
SIC24_1.1.4.2,Scavo sbancamento urbano tipo B,"Scavo di sbancamento per qualsiasi finalità, per lavori da eseguirsi in ambito urbano, in rocce lapidee integre con resistenza allo schiacciamento da oltre 4 N/mm² e fino a 10 N/mm².",m³,€11.95
SIC24_1.1.6.1,Scavo sezione obbligata urbano tipo A,"Scavo a sezione obbligata, per qualsiasi finalità, per lavori da eseguirsi in ambito urbano, eseguito con mezzo meccanico fino alla profondità di 2,00 m, in terreni costituiti da limi, argille, sabbie, ghiaie.",m³,€12.60
SIC24_1.1.6.2,Scavo sezione obbligata urbano tipo B,"Scavo a sezione obbligata, per qualsiasi finalità, per lavori da eseguirsi in ambito urbano, in rocce lapidee integre con resistenza allo schiacciamento da oltre 4 N/mm² e fino a 10 N/mm².",m³,€20.58
SIC24_1.1.9.1,Scavo sezione obbligata a mano,"Scavo a sezione obbligata eseguito a mano, anche con ausilio di martelletto, in terre di qualsiasi natura e consistenza, fino ad una profondità di 2 m dal piano di inizio dello scavo.",m³,€140.30
SIC24_1.2.4,Rinterro scavi con materiale scavo,"Compenso per rinterro o ricolmo degli scavi con materiali idonei provenienti dagli scavi, accatastati al bordo del cavo, compresi spianamenti, costipazione a strati non superiori a 30 cm.",m³,€4.97
SIC24_1.2.5.2,Trasporto materiali scavo a discarica,"Trasporto di materie, provenienti da scavi - demolizioni, a rifiuto alle discariche autorizzate. Per ogni m³ di scavo e per ogni chilometro.",m³ X km,€0.79
SIC24_1.3.6,Demolizione manufatti cls,"Demolizione parziale o totale di manufatti in calcestruzzo semplice o armato di qualsiasi genere e forma, eseguita con piccoli mezzi meccanici e/o a mano.",m³,€38.10
SIC24_1.4.3,Irruvidimento superficie stradale,Irruvidimento di superficie stradale in conglomerato bituminoso eseguito con mezzo idoneo. Per ogni m² e per uno spessore medio di 20 mm.,m²,€3.71
SIC24_1.4.4,Taglio pavimentazione bituminosa,Taglio di pavimentazione stradale in conglomerato bituminoso di qualsiasi spessore per la esecuzione di scavi a sezione obbligata. Per ogni m di taglio effettuato.,m,€3.98
SIC24_1.4.5,Dismissione pavimentazione bituminosa,"Dismissione di pavimentazione stradale in conglomerato bituminoso, compreso lo strato di fondazione di tipo misto granulometrico. Per m² x cm di spessore.",m² x cm,€1.32
SIC24_1.6.2,"Rimozione ceppaie 0,5-1,5 m³","Rimozione ed asportazione di ceppaie di piante con l'utilizzo di mezzo meccanico, del volume da 0,5 a 1,50 m³, compreso lo scavo, il taglio delle radici, il sollevamento.",cad,€228.15
SIC24_13.7.3.2,Tubo fognatura PVC DN125 SN8,"Fornitura, trasporto e posa in opera di tubazioni per fognatura in PVC-U costruite secondo le norme UNI-EN 1401 con sistema di giunzione a bicchiere. D esterno 125 mm.",m,€21.06
SIC24_13.8.1,Letto posa e rinfianco tubazioni,"Formazione del letto di posa, rinfianco e ricoprimento delle tubazioni di qualsiasi genere e diametro, con materiale permeabile arido.",m³,€30.20
SIC24_13.9.11.1,Pozzetto fognatura DN800 elem. fondo,"Pozzetto prefabbricato modulare per fognatura in calcestruzzo vibrato DN 800 mm, elemento di fondo con innesto linea/salto DN160 mm.",cad,"€1,199.01"
SIC24_13.9.11.19,Pozzetto fognatura DN800 sopralzo h330,"Pozzetto prefabbricato modulare per fognatura in calcestruzzo vibrato, elemento di sopralzo DN 800 mm, altezza utile 330 mm.",cad,€236.84
SIC24_13.9.11.34,Pozzetto fognatura elem. raggiungi quota DN625,"Pozzetto prefabbricato modulare per fognatura, elemento raggiungi quota DN 625 mm altezza utile da 50 mm a 120 mm.",cad,€53.29
SIC24_18.1.1.1,"Scavo cavidotti urbano prof. 0,60m","Realizzazione di scavo a sezione obbligata in ambito urbano per posa di cavidotti in tubo, con profondità fino a 0,60 m e larghezza fino a 0,50 m, compreso reinterro.",m,€41.00
SIC24_18.4.1.7,Cavo FG16(o)R16 1x25mm²,"Fornitura e collocazione di conduttori elettrici in rame sez. 1x25mm², tipo FG16(o)R16 0,6/1kV, comprese terminazioni e connessioni.",m,€13.23
SIC24_18.7.2.4,Cavidotto corrugato PE D=90mm,"Fornitura e posa in opera di cavidotto corrugato doppia parete in PE ad alta densità D=90mm, comprensivo di sonda tiracavi e manicotto.",m,€6.64
SIC24_26.1.23,Sbatacchiatura scavi legno,Sbatacchiatura degli scavi mediante formazione di armatura verticale di sostegno delle pareti con elementi in legno di abete. Misurata a m² di una sola parete.,m²,€33.99
SIC24_26.1.24,Sbatacchiatura scavi metallo,Sbatacchiatura degli scavi mediante formazione di armatura verticale di sostegno delle pareti con elementi metallici. Misurata a m² di una sola parete.,m²,€30.75
SIC24_26.1.25,Armatura scavi palancole,"Armatura degli scavi per il contenimento del terreno delle pareti scavate, mediante sistemi di blindaggio con pannelli metallici modulari (palancole tipo Larssen).",m²,€77.46
SIC24_26.1.26,"Recinzione rete polietilene h1,20m","Recinzione perimetrale di protezione in rete estrusa di polietilene ad alta densità HDPE di altezza non inferiore a m 1,20. Per tutta durata lavori.",m²,€13.70
SIC24_26.1.27,"Recinzione lamiera ondulata h2,00m",Recinzione di cantiere alta cm 200 con lamiera ondulata o grecata metallica su struttura portante in legno o tubo-giunto. Per tutta durata lavori.,m²,€42.02
SIC24_26.1.28,"Recinzione tavolato h2,00m",Recinzione di cantiere alta cm 200 realizzata con tavolato continuo sostenuto da montanti in legno. Per tutta durata lavori.,m²,€43.01
SIC24_26.1.29,"Recinzione pannelli rete h2,00m",Recinzione provvisionale modulare da cantiere alta cm 200 realizzata in pannelli con tamponatura in rete elettrosaldata zincata. Per tutta durata lavori.,m²,€19.61
SIC24_26.1.30,Cancello lamiera zincata,"Cancello in pannelli di lamiera zincata ondulata o grecata per accesso di cantiere, costituito da idoneo telaio a tubi e giunti. Per tutta durata lavori.",m²,€48.88
SIC24_26.1.31,Schermo protezione tavole abete,Fornitura e posa in opera di schermo di protezione in tavole di abete compresa armatura di sostegno. Per tutta la durata dei lavori.,m²,€28.78
SIC24_26.1.32,Transenna modulare 200x110cm,Transenna modulare di tipo prefabbricato per delimitazione zone di lavoro delle dimensioni minime cm 200x110 in tubolare di ferro zincato. Per tutta durata lavori.,cad,€102.44
NP00.120998,Melia azedarach circ.16/18cm,"Fornitura e messa a dimora di Melia azedarach, cir. 16/18 cm, fornito in vaso compresa manutenzione e garanzia come da Capitolato, scavo e reinterro, formazione della conca di compluvio (formella), fornitura e collocamento di pali tutori in legno trattato, legatura, fornitura e distribuzione di ammendanti e concimi, una bagnatura con 50/100 l di acqua e la fornitura e posa del sistema di drenaggio/areazione secondo le indicazioni della Direzione Lavori.",cad,"€771,02"
NP00.120643,Ficus microcarpa circ.12/14cm,"Fornitura e messa a dimora di Ficus microcarpa, cir. 12/14 cm, fornito in vaso compresa manutenzione e garanzia come da Capitolato, scavo e reinterro, formazione della conca di compluvio (formella), fornitura e collocamento di pali tutori in legno trattato, legatura fornitura e distribuzione di ammendanti e concimi, una bagnatura con 50/100 l di acqua e la fornitura e posa del sistema di drenaggio/areazione secondo le indicazioni della Direzione Lavori.",cad,"€758,08"
NP00.TABECONVER,Tabebuia heterophylla circ.12/14cm,"Fornitura e messa a dimora di Tabebuia hetherophylla, cir. 12/14 cm, fornito in vaso compresa manutenzione e garanzia come da Capitolato, scavo e reinterro, formazione della conca di compluvio (formella), fornitura e collocamento di pali tutori in legno trattato, legatura, fornitura e distribuzione di ammendanti e concimi, una bagnatura con 50/100 l di acqua e la fornitura e posa del sistema di drenaggio/areazione secondo le indicazioni della Direzione Lavori.",cad,"€604,00"
NP00.FAR179,Schinus terebinthifolius circ.12/14cm,"Fornitura e messa a dimora di Schinus terebinthifoliusa, cir. 12/14 cm, fornito in vaso compresa manutenzione e garanzia come da Capitolato, scavo e reinterro, formazione della conca di compluvio (formella), fornitura e collocamento di pali tutori in legno trattato, legatura, fornitura e distribuzione di ammendanti e concimi, una bagnatura con 50/100 l di acqua e la fornitura e posa del sistema di drenaggio/areazione secondo le indicazioni della Direzione Lavori.",cad,"€554,66"
NP00.121038,Nyssa sylvatica alt.250/300cm,"Fornitura e messa a dimora di Nyssa sylvatica, alt. 250/300 cm, fornito in zolla compresa manutenzione e garanzia come da Capitolato, scavo e reinterro, formazione della conca di compluvio (formella), fornitura e collocamento di pali tutori in legno trattato, legatura, fornitura e distribuzione di ammendanti e concimi, una bagnatura con 50/100 l di acqua e la fornitura e posa del sistema di drenaggio/areazione secondo le indicazioni della Direzione Lavori.",cad,"€772,12"
NP00.121049,Olea europaea alt.150/175cm,"Fornitura e messa a dimora di Olea europea, alt. 150/175 cm, fornito in vaso compresa manutenzione e garanzia come da Capitolato, scavo e reinterro, formazione della conca di compluvio (formella), fornitura e collocamento di pali tutori in legno trattato, legatura, fornitura e distribuzione di ammendanti e concimi, una bagnatura con 50/100 l di acqua e la fornitura e posa del sistema di drenaggio/areazione secondo le indicazioni della Direzione Lavori.",cad,"€645,74"
NP00.120912,Magnolia grandiflora Gallisonensis circ.16/18cm,"Fornitura e messa a dimora di Magnolia grandiflora ""Gallisonensis"", cir. 16/18 cm, fornito in vaso compresa manutenzione e garanzia come da Capitolato, scavo e reinterro, formazione della conca di compluvio (formella), fornitura e collocamento di pali tutori in legno trattato, legatura, fornitura e distribuzione di ammendanti e concimi, una bagnatura con 50/100 l di acqua e la fornitura e posa del sistema di drenaggio/areazione secondo le indicazioni della Direzione Lavori.",cad,"€1.385,81"
NP00.120982,Prunus dulcis circ.12/14cm,"Fornitura e messa a dimora di Prunus dulcis, cir. 12/14 cm, fornito in vaso compresa manutenzione e garanzia come da Capitolato, scavo e reinterro, formazione della conca di compluvio (formella), fornitura e collocamento di pali tutori in legno trattato, legatura, fornitura e distribuzione di ammendanti e concimi, una bagnatura con 50/100 l di acqua e la fornitura e posa del sistema di drenaggio/areazione secondo le indicazioni della Direzione Lavori.",cad,"€511,74"
NP00.121192,Prunus cerasifera Pissardii nigra circ.12/14cm,"Fornitura e messa a dimora di Prunus cerasifera ""Pissardii nigra"", cir. 12/14 cm, fornito in vaso compresa manutenzione e garanzia come da Capitolato, scavo e reinterro, formazione della conca di compluvio (formella), fornitura e collocamento di pali tutori in legno trattato, legatura, fornitura e distribuzione di ammendanti e concimi, una bagnatura con 50/100 l di acqua e la fornitura e posa del sistema di drenaggio/areazione secondo le indicazioni della Direzione Lavori.",cad,"€645,88"
NP00.121465,Tilia x euchlora circ.14/16cm,"Fornitura e messa a dimora di Tilia x euchlora, cir. 14/16 cm, fornito in vaso compresa manutenzione e garanzia come da Capitolato, scavo e reinterro, formazione della conca di compluvio (formella), fornitura e collocamento di pali tutori in legno trattato, legatura, fornitura e distribuzione di ammendanti e concimi, una bagnatura con 50/100 l di acqua e la fornitura e posa del sistema di drenaggio/areazione secondo le indicazioni della Direzione Lavori.",cad,"€675,48"
NP00.121479,Tilia platyphyllos circ.14/16cm,"Fornitura e messa a dimora di Tilia platyphyllos, cir. 14/16 cm, fornito in vaso compresa manutenzione e garanzia come da Capitolato, scavo e reinterro, formazione della conca di compluvio (formella), fornitura e collocamento di pali tutori in legno trattato, legatura, fornitura e distribuzione di ammendanti e concimi, una bagnatura con 50/100 l di acqua e la fornitura e posa del sistema di drenaggio/areazione secondo le indicazioni della Direzione Lavori.",cad,"€653,33"
NP00.121270,Quercus ilex circ.14/16cm,"Fornitura e messa a dimora di Quercus ilex, cir. 14/16 cm, fornito in vaso compresa manutenzione e garanzia come da Capitolato, scavo e reinterro, formazione della conca di compluvio (formella), fornitura e collocamento di pali tutori in legno trattato, legatura, fornitura e distribuzione di ammendanti e concimi, una bagnatura con 50/100 l di acqua e la fornitura e posa del sistema di drenaggio/areazione secondo le indicazioni della Direzione Lavori.",cad,"€883,66"
NP00.FAR130,Erythrina coralloides circ.12/14cm,"Fornitura e messa a dimora di Erythrina coralloides, cir. 12/14 cm, fornito in vaso compresa manutenzione e garanzia come da Capitolato, scavo e reinterro, formazione della conca di compluvio (formella), fornitura e collocamento di pali tutori in legno trattato, legatura, fornitura e distribuzione di ammendanti e concimi, una bagnatura con 50/100 l di acqua e la fornitura e posa del sistema di drenaggio/areazione secondo le indicazioni della Direzione Lavori.",cad,"€542,01"
NP00.15121627,Ginkgo biloba Obelisk circ.12/14cm,"Fornitura e messa a dimora di Ginkgo biloba ""Obelisk"", cir. 12/14 cm, fornito in vaso compresa manutenzione e garanzia come da Capitolato, scavo e reinterro, formazione della conca di compluvio (formella), fornitura e collocamento di pali tutori in legno trattato, legatura, fornitura e distribuzione di ammendanti e concimi, una bagnatura con 50/100 l di acqua e la fornitura e posa del sistema di drenaggio/areazione secondo le indicazioni della Direzione Lavori.",cad,"€684,20"
NP00.15121628,Ginkgo biloba Autumn Gold circ.12/14cm,"Fornitura e messa a dimora di Ginkgo biloba ""Autumn Gold"", cir. 12/14 cm, fornito in vaso compresa manutenzione e garanzia come da Capitolato, scavo e reinterro, formazione della conca di compluvio (formella), fornitura e collocamento di pali tutori in legno trattato, legatura, fornitura e distribuzione di ammendanti e concimi, una bagnatura con 50/100 l di acqua e la fornitura e posa del sistema di drenaggio/areazione secondo le indicazioni della Direzione Lavori.",cad,"€840,81"
NP00.15120502,Cinnamomum camphora alt.200-250cm,"Fornitura e messa a dimora di Cinnamomum camphora, alt. 200-250 cm, fornito in vaso compresa manutenzione e garanzia come da Capitolato, scavo e reinterro, formazione della conca di compluvio (formella), fornitura e collocamento di pali tutori in legno trattato, legatura, fornitura e distribuzione di ammendanti e concimi, una bagnatura con 50/100 l di acqua e la fornitura e posa del sistema di drenaggio/areazione secondo le indicazioni della Direzione Lavori.",cad,"€659,79"
NP00.15121592,Celtis occidentalis circ.12/14cm,"Fornitura e messa a dimora di Celtis occidentalis, cir. 12/14 cm, fornito in vaso compresa manutenzione e garanzia come da Capitolato, scavo e reinterro, formazione della conca di compluvio (formella), fornitura e collocamento di pali tutori in legno trattato, legatura, fornitura e distribuzione di ammendanti e concimi, una bagnatura con 50/100 l di acqua e la fornitura e posa del sistema di drenaggio/areazione secondo le indicazioni della Direzione Lavori.",cad,"€611,59"
NP00.15120716,Grevillea robusta circ.12/14cm,"Fornitura e messa a dimora di Grevillea robusta, cir. 12/14 cm, fornito in vaso compresa manutenzione e garanzia come da Capitolato, scavo e reinterro, formazione della conca di compluvio (formella), fornitura e collocamento di pali tutori in legno trattato, legatura, fornitura e distribuzione di ammendanti e concimi, una bagnatura con 50/100 l di acqua e la fornitura e posa del sistema di drenaggio/areazione secondo le indicazioni della Direzione Lavori.",cad,"€715,96"
NP00.FAR155,Metrosideros excelsa vaso 9 litri,"Fornitura e messa a dimora di Metrosideros excelsa, vaso 9 litri, fornito in vaso, compresa manutenzione e garanzia come da Capitolato, la fornitura di 20 l di ammendante, la preparazione del terreno, l'impianto degli arbusti, una bagnatura con 15 l di acqua.",cad,"€113,98"
NP00.15121150,Populus nigra circ.12/14cm,"Fornitura e messa a dimora di Populus nigra, cir. 12/14 cm, fornito in vaso compresa manutenzione e garanzia come da Capitolato, scavo e reinterro, formazione della conca di compluvio (formella), fornitura e collocamento di pali tutori in legno trattato, legatura, fornitura e distribuzione di ammendanti e concimi, una bagnatura con 50/100 l di acqua e la fornitura e posa del sistema di drenaggio/areazione secondo le indicazioni della Direzione Lavori.",cad,"€529,11"
NP00.15121151,Populus nigra Pyramidalis circ.14/16cm,"Fornitura e messa a dimora di Populus nigra ""Pyramidalis"" (sin. Italica), cir. 14/16 cm, fornito in vaso compresa manutenzione e garanzia come da Capitolato, scavo e reinterro, formazione della conca di compluvio (formella), fornitura e collocamento di pali tutori in legno trattato, legatura, fornitura e distribuzione di ammendanti e concimi, una bagnatura con 50/100 l di acqua e la fornitura e posa del sistema di drenaggio/areazione secondo le indicazioni della Direzione Lavori.",cad,"€589,96"
NP-POTPAL1S,Potatura palma alto fusto h.6-16m strada,"Potatura di palma di alto fusto, su strada, mediante taglio di tutte le foglie secche, infiorescenze, due giri delle foglie verdi e scalpellatura dei tacchi in forma allungata, come da pianta campione stabilita dalla D.L. Intervento comprensivo di ogni onere, macchina operatrice ed attrezzatura, nonché di raccolta e conferimento del materiale di risulta, escluso l'onere dello smaltimento: esemplari di altezza dello stipite da 6,0 a 16,0 m.",cad,"€295,08"
NP-POTPAL2S,Potatura palma alto fusto h>16m strada,"Potatura di palma di alto fusto, su strada, mediante taglio di tutte le foglie secche, infiorescenze, due giri delle foglie verdi e scalpellatura dei tacchi in forma allungata, come da pianta campione stabilita dalla D.L. Intervento comprensivo di ogni onere, macchina operatrice ed attrezzatura, nonché di raccolta e conferimento del materiale di risulta, escluso l'onere dello smaltimento: esemplari di altezza dello stipite oltre 16,0 m.",cad,"€523,29"
NP-ABBPALM1S,Abbattimento palma alto fusto h.6-16m strada,"Abbattimento di palma di alto fusto, su strada. Intervento comprensivo di ogni onere, macchina operatrice ed attrezzatura, nonché di raccolta e conferimento del materiale di risulta, escluso l'onere dello smaltimento: esemplari di altezza dello stipite da 6,0 a 16,0 m.",cad,"€424,48"
NP-ABBPALM2S,Abbattimento palma alto fusto h>16m strada,"Abbattimento di palma di alto fusto, su strada. Intervento comprensivo di ogni onere, macchina operatrice ed attrezzatura, nonché di raccolta e conferimento del materiale di risulta, escluso l'onere dello smaltimento: esemplari di altezza dello stipite oltre 16,0 m.",cad,"€1.171,53"
NP00.15121466,Tilia x europea Pallida circ.16/18cm,"Fornitura e messa a dimora di Tilia x europea ""Pallida"", cir. 16/18 cm, fornito in vaso compresa manutenzione e garanzia come da Capitolato, scavo e reinterro, formazione della conca di compluvio (formella), fornitura e collocamento di pali tutori in legno trattato, legatura, fornitura e distribuzione di ammendanti e concimi, una bagnatura con 50/100 l di acqua e la fornitura e posa del sistema di drenaggio/areazione secondo le indicazioni della Direzione Lavori.",cad,"€845,53"
NP00.15120658,Fraxinus angustifolia Raywood circ.08/10cm,"Fornitura e messa a dimora di Fraxinus angustifolia ""Raywood"", cir. 08/10 cm, fornito in vaso compresa manutenzione e garanzia come da Capitolato, scavo e reinterro, formazione della conca di compluvio (formella), fornitura e collocamento di pali tutori in legno trattato, legatura, fornitura e distribuzione di ammendanti e concimi, una bagnatura con 50/100 l di acqua e la fornitura e posa del sistema di drenaggio/areazione secondo le indicazioni della Direzione Lavori.",cad,"€423,54"
NP00.15120509,Citrus aurantium Bigardia circ.10/12cm,"Fornitura e messa a dimora di Citrus aurantium ""Bigardia"", cir. 10/12 cm, fornito in vaso compresa manutenzione e garanzia come da Capitolato, scavo e reinterro, formazione della conca di compluvio (formella), fornitura e collocamento di pali tutori in legno trattato, legatura, fornitura e distribuzione di ammendanti e concimi, una bagnatura con 50/100 l di acqua e la fornitura e posa del sistema di drenaggio/areazione secondo le indicazioni della Direzione Lavori.",cad,"€682,75"
NP00.15121022,Morus alba Fruitless circ.08/10cm,"Fornitura e messa a dimora di Morus alba ""Fruitless"", cir. 08/10 cm, fornito in vaso compresa manutenzione e garanzia come da Capitolato, scavo e reinterro, formazione della conca di compluvio (formella), fornitura e collocamento di pali tutori in legno trattato, legatura, fornitura e distribuzione di ammendanti e concimi, una bagnatura con 50/100 l di acqua e la fornitura e posa del sistema di drenaggio/areazione secondo le indicazioni della Direzione Lavori.",cad,"€443,66"
NP.15030035,"Pali tutori castagno 2,5m diam.8cm","Pali tutori in legno scortecciato di castagno stagionato, tornito e trattato - lunghezza 2,5 m; diam. 8 cm con punta",cad,"€22,97"
NP.15030036,Pali tutori castagno 3m diam.8cm,"Pali tutori in legno scortecciato di castagno stagionato, tornito e trattato - lunghezza 3 m; diam. 8 cm con punta",cad,"€28,07"
NP00.15121106,Platanus  x  acerifolia  (Hybrid)   circ.  12/14   cm,"Fornitura   e   messa   a   dimora   di   Platanus   x   acerifolia   (Hybrid)   circ.   12/14   cm   in   aiuola   stradale,   fornito   in   vaso   compresa   manutenzione   e   garanzia  come   da   Capitolato,   scavo   e   reinterro,   formazione   della   conca   di   compluvio   (formella),   fornitura   e   collocamento   di   pali   tutori   in   legno   trattato, legatura,   fornitura   e   distribuzione   di   ammendanti   e   concimi,   una   bagnatura   con   50/100   l   di   acqua   e   la   fornitura   e   posa   del   sistema   di drenaggio/areazione secondo le indicazioni della Direzione Lavori",cad,€529.11
SIC24_26.4.2,Autorespiratore monobombola,Autorespiratore monobombola per pronto intervento conforme alla norma UNI EN 137. Per tutta la durata dei lavori.,cad,"€1,073.99"
SIC24_26.4.3,Abbigliamento antifiamma soccorritori,"Abbigliamento in fibra di vetro alluminato, antifiamma e anticalore per soccorritori: tuta, cappuccio con visiera, calzari e guanti.",cad,€671.37
SIC24_26.5.1.1,Estintore polvere 6kg 34A 233BC,"Estintore portatile in polvere, tipo omologato, da kg 6 classe 34A 233BC.",cad,€67.27
SIC24_26.5.4,Estintore schiuma 9kg 8A 89B,"Estintore idrico a schiuma meccanica, tipo omologato, da kg 9 classe 8A 89B. Misurato al mese o frazione.",cad,€140.36
SIC24_26.5.5,Coperta antifiamma 1200x1800mm,Coperta antifiamma in fibra di vetro con custodia tessile e sistema di sfilamento rapido UNI 1869. Misurato al giorno.,cad,€47.38
SIC24_26.6.1,Elmetto sicurezza polietilene,"Elmetto di sicurezza in polietilene ad alta densità con bardatura regolabile, frontalino antisudore.",cad,€11.51
SIC24_26.6.11,Tuta alta visibilità,"Tuta ad alta visibilità di vari colori con bande rifrangenti, completa di tasche.",cad,€40.61
SIC24_26.6.12,Giubbetto alta visibilità,"Giubbetto ad alta visibilità di vari colori con bande rifrangenti, in misto cotone-poliestere.",cad,€81.21
SIC24_26.6.13,Cuffia antirumore,Cuffia antirumore con archetto regolabile a norma UNI-EN 352/01.,cad,€4.65
SIC24_26.6.2,Occhiali protettivi lavorazione metalli,"Occhiali protettivi per la lavorazione di metalli con trapano, mola, smerigliatrici, tagli con flessibile.",cad,€18.95
SIC24_26.6.3,Occhiali protettivi saldatura,Occhiali protettivi per la saldatura del ferro.,cad,€29.77
SIC24_26.6.4,Maschera protezione chimica FFP2,"Maschera per protezione chimica a norma UNI EN 149 FFP2, da liquidi, solidi e da polveri tossiche.",cad,€0.95
SIC24_26.6.5,Maschera protezione polveri FFP2,"Maschera di protezione contro le polveri a norma UNI EN 149 classe FFP2 (polveri solide, anche nocive).",cad,€0.95
SIC24_26.6.6,Maschera protezione polveri non nocive,Maschera di protezione contro le polveri non nocive. Costo di utilizzo mensile.,cad,€1.18
SIC24_26.6.8,Guanti protezione freddo,"Guanti di protezione dal freddo, con resistenza ai tagli, alle abrasioni ed agli strappi. Costo di utilizzo al paio.",cad,€2.70
SIC24_26.6.9,Guanti protezione chimica,"Guanti di protezione chimica, con resistenza ai tagli, alle abrasioni, protezione dagli olii, acidi e solventi. Costo di utilizzo al paio.",cad,€2.16
SIC24_26.7.1.1,Locale igienico monoblocco 1° mese,"Locale igienico costituito da un monoblocco prefabbricato, coibentato, dim. 1,20x2,20x2,40 con doccia, lavabo e WC. Per il primo mese d'impiego.",cad,€451.57
SIC24_26.7.1.2,Locale igienico monoblocco mesi succ.,"Locale igienico costituito da un monoblocco prefabbricato, coibentato, dim. 1,20x2,20x2,40 con doccia, lavabo e WC. Per ogni mese successivo al primo.",cad,€148.89
SIC24_26.7.2.1,Locale spogliatoio monoblocco 1° mese,"Locale spogliatoio dim. 4,00x2,20x2,40, monoblocco prefabbricato, coibentato, con armadietti e panche. Per il primo mese d'impiego.",cad,€566.63
SIC24_26.7.2.2,Locale spogliatoio monoblocco mesi succ.,"Locale spogliatoio dim. 4,00x2,20x2,40, monoblocco prefabbricato, coibentato, con armadietti e panche. Per ogni mese successivo al primo.",cad,€263.95
SIC24_26.7.5.1,Locale servizi cantiere 1° mese,"Locale servizi di cantiere (riunioni, formazione) dim. 6,00 x 2,40 x 2,40, monoblocco prefabbricato con tavoli, sedie e armadi. Per il primo mese d'impiego.",cad,€704.34
SIC24_26.7.5.2,Locale servizi cantiere mesi succ.,"Locale servizi di cantiere (riunioni, formazione) dim. 6,00 x 2,40 x 2,40, monoblocco prefabbricato con tavoli, sedie e armadi. Per ogni mese successivo al primo.",cad,€415.50
SIC24_26.7.6.1,Box lamiera materiali pericolosi 1° mese,"Box in lamiera ad uso materiali pericolosi e speciali larghezza m 2,50, lunghezza m. 4,30-5,20. Per il primo mese d'impiego.",cad,€267.39
SIC24_26.7.6.2,Box lamiera materiali pericolosi mesi succ.,"Box in lamiera ad uso materiali pericolosi e speciali larghezza m 2,50, lunghezza m. 4,30-5,20. Per ogni mese successivo al primo.",cad,€12.43
SIC24_26.7.7,Bagno chimico portatile mensile,"Bagno chimico portatile in polietilene conforme a UNI EN 16194, compreso pulizie e sanificazione, svuotamento e smaltimento. Per ogni mese d'impiego.",cad,€672.36
SIC24_26.9.2,Taglio vegetazione bonifica bellica,Taglio preliminare di vegetazione compresa quella di tipo arbustivo ed alberature su aree da sottoporre a bonifica bellica.,mq,€3.62
SIC24_26.9.3,Bonifica bellica superficiale,"Bonifica bellica superficiale consistente nelle attività di ricerca, localizzazione e scoprimento di ordigni, mine e residuati bellici fino a cm. 100 di profondità.",mq,€1.01
SIC24_26.9.4.1,Bonifica bellica profondità 3m,"Bonifica bellica di profondità mediante trivellazione fino alla profondità di ml 3,00 dal piano di campagna.",mq,€4.16
SIC24_26.9.5,Scavo sezione aperta bonifica bellica,Scavo a sezione aperta con mezzi meccanici e connesso uso di apparati di ricerca a profondità superiore a cm. 100.,m³,€6.18
SIC24_26.9.6,Scavo sezione obbligata bonifica bellica,Scavo a sezione obbligata con mezzi meccanici e connesso uso dell'apparato di ricerca a profondità maggiore di cm. 100.,m³,€8.27
SIC24_26.9.7,Scavo a mano bonifica bellica,Scavo a mano e connesso uso dell'apparato di ricerca per lo scoprimento di ordigni esplosivi interrati a profondità superiore a cm. 100.,m³,€395.15
SIC24_3.1.1.4,Cls fondazione C16/20,"Conglomerato cementizio per strutture non armate o debolmente armate, per opere in fondazione con C 16/20, compreso casseri e vibratura.",m³,€197.14
SIC24_3.1.2.5,Cls armato fondazione C25/30,"Conglomerato cementizio per strutture in calcestruzzo armato in ambiente secco classe X0, consistenza S3, per opere in fondazione stradali C25/30.",m³,€199.34
SIC24_3.2.1.2,Acciaio armatura B450C/A,"Acciaio in barre a aderenza migliorata Classi B450 C o B450 A, di qualsiasi diametro, per lavori in cemento armato, compreso piegature e legature.",kg,€2.71
SIC24_3.2.3,Casseforme getti cls,"Casseforme per getti di conglomerati semplici o armati, di qualsiasi forma e dimensione, realizzate con legname o pannelli di lamiera.",m²,€44.58
SIC24_3.2.4,Rete elettrosaldata B450C/A,"Fornitura e collocazione di rete d'acciaio elettrosaldata a fili nervati ad aderenza migliorata B450 C o B450 A, diametro non superiore a 8 mm.",kg,€3.47
SIC24_6.1.1.2,Fondazione stradale tout-venant,"Fondazione stradale eseguita con tout-venant di cava rispondente alle norme CNR-UNI 10006, costipamento al 95% AASHO. Per strade urbane.",m³,€41.16
SIC24_6.1.10,Riparazione buche piastra riscaldante,"Riparazione di buche sulla pavimentazione stradale con piastra riscaldante ad infrarossi, aggiunta di conglomerato bituminoso a caldo.",mq,€114.58
SIC24_6.1.11.3,Sistemazione sede stradale tappeto usura 0/7,"Sistemazione di sede stradale in conglomerato bituminoso mediante ricariche, rappezzi e risagomature, con tappeto d'usura pezzatura 0/7.",t,€184.19
SIC24_6.1.2.2,Fondazione stradale misto granulometrico,"Fondazione stradale eseguita con misto granulometrico dimensione max 40 mm, costipamento al 95% AASHO. Per strade urbane.",m³,€45.87
SIC24_6.2.13.1,Orlatura cls 20x30cm rigata,"Fornitura e collocazione di orlatura retta o curva in conglomerato cementizio vibrocompresso C 20/25, elementi 20x30 cm con faccia superiore rigata.",m,€58.67
SIC24_6.2.14.1,Pavimentazione autobloccante sp.6cm grigio,Pavimentazione autobloccante in calcestruzzo vibrocompresso spessore cm 6 di colore grigio chiaro.,m²,€40.61
SIC24_6.2.14.2,Pavimentazione autobloccante sp.6cm colori,Pavimentazione autobloccante in calcestruzzo vibrocompresso spessore cm 6 di colore antracite bruno rosso e giallo.,m²,€43.90
SIC24_6.2.15.7,Basole pietra Perlato Sicilia sp.12cm,"Fornitura e collocazione di basole conformi alle norme UNI EN 1341/2003, larghezza 40 cm, spessore 12 cm in pietra calcarea tipo Perlato di Sicilia.",m²,€243.67
SIC24_6.2.19,Cubetti quarzarenitici 8x10cm,"Fornitura e collocazione di cubetti in pietra quarzarenitica di sezione 8x10 cm conformi alla norma UNI EN 1342/2003, su sottofondo di sabbia e cemento.",m²,€167.67
SIC24_6.2.20,Cls drenante pavimentazioni,"Conglomerato cementizio drenante per pavimentazioni di piste ciclabili, marciapiedi, percorsi pedonali, spessore minimo cm 10.",m³,€456.83
SIC24_6.2.31.2,Panchina lastre pietra ricostruita bianca,Fornitura e collocazione di panchina in lastre monostrato in pietra ricostruita vibro-compressa 1000x500x90 mm colore Bianco Assoluto con BIO2TANIO.,cad,€401.36
SIC24_6.2.34,Smontaggio pavimentazione basole/acciottolato,"Smontaggio accurato della pavimentazione stradale esistente composta da basole in pietra e/o acciottolato, con rilievo e numerazione.",m²,€46.00
SIC24_6.2.35,Ricollocazione basole/acciottolato,Ricollocazione delle basole e dell'acciottolato recuperato su letto di impasto umido di sabbia e cemento.,m²,€41.78
SIC24_6.2.9.2,Orlatura pietrame calcareo 25x20cm,"Fornitura e collocazione di orlatura di pietrame calcareo conforme alle norme UNI EN 1343/2003, elementi 25x20 cm lavorati a puntillo grosso.",m,€90.27
SIC24_6.3.1.1,Gabbioni rete doppia torsione,"Fornitura e posa di gabbioni in rete metallica a doppia torsione marcati CE, maglia 6x8 filo 2,7mm, compreso pietrame di riempimento.",m³,€143.20
SIC24_6.4.2.2,Chiusino ghisa sferoidale C250,Fornitura e posa in opera di telaio e chiusino in ghisa a grafite sferoidale classe C 250 (carico di rottura 250 kN).,kg,€6.29
SIC24_6.6.21,Strisce spartitraffico orizzontali,"Esecuzione di strisce orizzontali spartitraffico per bivi e isole pedonali, mediante vernice rifrangente bianco o giallo. Per ogni m² vuoto per pieno.",m²,€10.56
SIC24_6.6.22,Strisce longitudinali 12cm,"Esecuzione di strisce longitudinali della larghezza di 12 cm, mediante vernice rifrangente bianco o giallo.",m,€1.29
Fornitura e messa a dimora…,Fornitura con posa in opera di una pianta,,,